[{"name":"sql.active_record","payload":{"sql":"            SELECT a.attname, format_type(a.atttypid, a.atttypmod),\n                     pg_get_expr(d.adbin, d.adrelid), a.attnotnull, a.atttypid, a.atttypmod\n              FROM pg_attribute a LEFT JOIN pg_attrdef d\n                ON a.attrelid = d.adrelid AND a.attnum = d.adnum\n             WHERE a.attrelid = '\"games\"'::regclass\n               AND a.attnum > 0 AND NOT a.attisdropped\n             ORDER BY a.attnum\n","name":"SCHEMA","connection_id":70168056340780,"binds":[],"line":13,"filename":"/Users/iandenty/wdi9/project_one/project_one/app/controllers/games_controller.rb","method":"index"},"time":"2014-10-20T19:08:11+01:00","transaction_id":"8211ba2f9393df48d905","end":"2014-10-20T19:08:11+01:00","duration":0.858},{"name":"sql.active_record","payload":{"sql":"            SELECT COUNT(*)\n            FROM pg_class c\n            LEFT JOIN pg_namespace n ON n.oid = c.relnamespace\n            WHERE c.relkind in ('v','r')\n            AND c.relname = 'games'\n            AND n.nspname = ANY (current_schemas(false))\n","name":"SCHEMA","connection_id":70168056340780,"binds":[],"line":13,"filename":"/Users/iandenty/wdi9/project_one/project_one/app/controllers/games_controller.rb","method":"index"},"time":"2014-10-20T19:08:11+01:00","transaction_id":"8211ba2f9393df48d905","end":"2014-10-20T19:08:11+01:00","duration":0.752},{"name":"sql.active_record","payload":{"sql":"          SELECT attr.attname\n          FROM pg_attribute attr\n          INNER JOIN pg_constraint cons ON attr.attrelid = cons.conrelid AND attr.attnum = cons.conkey[1]\n          WHERE cons.contype = 'p'\n            AND cons.conrelid = '\"games\"'::regclass\n","name":"SCHEMA","connection_id":70168056340780,"binds":[],"line":13,"filename":"/Users/iandenty/wdi9/project_one/project_one/app/controllers/games_controller.rb","method":"index"},"time":"2014-10-20T19:08:11+01:00","transaction_id":"8211ba2f9393df48d905","end":"2014-10-20T19:08:11+01:00","duration":0.722},{"name":"sql.active_record","payload":{"sql":"SELECT \"games\".* FROM \"games\" ","name":"Game Load","connection_id":70168056340780,"binds":[],"line":13,"filename":"/Users/iandenty/wdi9/project_one/project_one/app/controllers/games_controller.rb","method":"index"},"time":"2014-10-20T19:08:11+01:00","transaction_id":"8211ba2f9393df48d905","end":"2014-10-20T19:08:11+01:00","duration":0.29},{"name":"render_template.action_view","payload":{"identifier":"/Users/iandenty/wdi9/project_one/project_one/app/views/games/index.html.erb","layout":"layouts/application"},"time":"2014-10-20T19:08:11+01:00","transaction_id":"efe9d648ef6ea4808664","end":"2014-10-20T19:08:11+01:00","duration":13.905000000000001},{"name":"process_action.action_controller","payload":{"controller":"GamesController","action":"index","params":{"action":"index","controller":"games"},"format":"html","method":"GET","path":"/games","status":200,"view_runtime":29.871000000000002,"db_runtime":2.622},"time":"2014-10-20T19:08:11+01:00","transaction_id":"efe9d648ef6ea4808664","end":"2014-10-20T19:08:11+01:00","duration":57.088}]