[{"name":"process_action.action_controller","payload":{"controller":"GamesController","action":"make_move","params":{"authenticity_token":"gpjRIkFypXjT2XHUmeMOpYIfF8dmuZw0fjMJN5ZH8jk=","controller":"games","action":"make_move","id":"1"},"format":"html","method":"POST","path":"/games/1","exception":["NoMethodError","undefined method `[]' for nil:NilClass"],"status":"500"},"time":"2014-10-20T19:09:58+01:00","transaction_id":"f2cbac3af3a9b7dcb5e6","end":"2014-10-20T19:09:58+01:00","duration":2.883},{"name":"process_action.action_controller.exception","payload":{"call":"NoMethodError (undefined method `[]' for nil:NilClass)"},"time":0,"transaction_id":null,"end":0,"duration":0.0},{"name":"process_action.action_controller.exception","payload":{"call":"app/controllers/games_controller.rb:7:in `make_move'"},"time":0,"transaction_id":null,"end":0,"duration":0.0}]