[{"name":"sql.active_record","payload":{"sql":"            SELECT a.attname, format_type(a.atttypid, a.atttypmod),\n                     pg_get_expr(d.adbin, d.adrelid), a.attnotnull, a.atttypid, a.atttypmod\n              FROM pg_attribute a LEFT JOIN pg_attrdef d\n                ON a.attrelid = d.adrelid AND a.attnum = d.adnum\n             WHERE a.attrelid = '\"games\"'::regclass\n               AND a.attnum > 0 AND NOT a.attisdropped\n             ORDER BY a.attnum\n","name":"SCHEMA","connection_id":70168056340780,"binds":[],"line":24,"filename":"/Users/iandenty/wdi9/project_one/project_one/app/controllers/games_controller.rb","method":"show"},"time":"2014-10-20T19:08:29+01:00","transaction_id":"8211ba2f9393df48d905","end":"2014-10-20T19:08:29+01:00","duration":1.0},{"name":"sql.active_record","payload":{"sql":"            SELECT COUNT(*)\n            FROM pg_class c\n            LEFT JOIN pg_namespace n ON n.oid = c.relnamespace\n            WHERE c.relkind in ('v','r')\n            AND c.relname = 'games'\n            AND n.nspname = ANY (current_schemas(false))\n","name":"SCHEMA","connection_id":70168056340780,"binds":[],"line":24,"filename":"/Users/iandenty/wdi9/project_one/project_one/app/controllers/games_controller.rb","method":"show"},"time":"2014-10-20T19:08:29+01:00","transaction_id":"8211ba2f9393df48d905","end":"2014-10-20T19:08:29+01:00","duration":0.747},{"name":"sql.active_record","payload":{"sql":"          SELECT attr.attname\n          FROM pg_attribute attr\n          INNER JOIN pg_constraint cons ON attr.attrelid = cons.conrelid AND attr.attnum = cons.conkey[1]\n          WHERE cons.contype = 'p'\n            AND cons.conrelid = '\"games\"'::regclass\n","name":"SCHEMA","connection_id":70168056340780,"binds":[],"line":24,"filename":"/Users/iandenty/wdi9/project_one/project_one/app/controllers/games_controller.rb","method":"show"},"time":"2014-10-20T19:08:29+01:00","transaction_id":"8211ba2f9393df48d905","end":"2014-10-20T19:08:29+01:00","duration":0.634},{"name":"sql.active_record","payload":{"sql":"SELECT  \"games\".* FROM \"games\"  WHERE \"games\".\"id\" = $1 LIMIT 1","name":"Game Load","connection_id":70168056340780,"binds":[[{"name":"id","sql_type":"integer","null":false,"limit":null,"precision":null,"scale":null,"type":"integer","default":null,"primary":true,"coder":null},"1"]],"line":24,"filename":"/Users/iandenty/wdi9/project_one/project_one/app/controllers/games_controller.rb","method":"show"},"time":"2014-10-20T19:08:29+01:00","transaction_id":"8211ba2f9393df48d905","end":"2014-10-20T19:08:29+01:00","duration":0.307},{"name":"sql.active_record","payload":{"sql":"            SELECT a.attname, format_type(a.atttypid, a.atttypmod),\n                     pg_get_expr(d.adbin, d.adrelid), a.attnotnull, a.atttypid, a.atttypmod\n              FROM pg_attribute a LEFT JOIN pg_attrdef d\n                ON a.attrelid = d.adrelid AND a.attnum = d.adnum\n             WHERE a.attrelid = '\"players\"'::regclass\n               AND a.attnum > 0 AND NOT a.attisdropped\n             ORDER BY a.attnum\n","name":"SCHEMA","connection_id":70168056340780,"binds":[],"line":5,"filename":"/Users/iandenty/wdi9/project_one/project_one/app/views/games/show.html.erb","method":"_app_views_games_show_html_erb__1466044667706889214_70168090849580"},"time":"2014-10-20T19:08:29+01:00","transaction_id":"8211ba2f9393df48d905","end":"2014-10-20T19:08:29+01:00","duration":0.949},{"name":"sql.active_record","payload":{"sql":"            SELECT COUNT(*)\n            FROM pg_class c\n            LEFT JOIN pg_namespace n ON n.oid = c.relnamespace\n            WHERE c.relkind in ('v','r')\n            AND c.relname = 'players'\n            AND n.nspname = ANY (current_schemas(false))\n","name":"SCHEMA","connection_id":70168056340780,"binds":[],"line":5,"filename":"/Users/iandenty/wdi9/project_one/project_one/app/views/games/show.html.erb","method":"_app_views_games_show_html_erb__1466044667706889214_70168090849580"},"time":"2014-10-20T19:08:29+01:00","transaction_id":"8211ba2f9393df48d905","end":"2014-10-20T19:08:29+01:00","duration":0.749},{"name":"sql.active_record","payload":{"sql":"          SELECT attr.attname\n          FROM pg_attribute attr\n          INNER JOIN pg_constraint cons ON attr.attrelid = cons.conrelid AND attr.attnum = cons.conkey[1]\n          WHERE cons.contype = 'p'\n            AND cons.conrelid = '\"players\"'::regclass\n","name":"SCHEMA","connection_id":70168056340780,"binds":[],"line":5,"filename":"/Users/iandenty/wdi9/project_one/project_one/app/views/games/show.html.erb","method":"_app_views_games_show_html_erb__1466044667706889214_70168090849580"},"time":"2014-10-20T19:08:29+01:00","transaction_id":"8211ba2f9393df48d905","end":"2014-10-20T19:08:29+01:00","duration":0.712},{"name":"sql.active_record","payload":{"sql":"SELECT  \"players\".* FROM \"players\"  WHERE \"players\".\"id\" = $1 LIMIT 1","name":"Player Load","connection_id":70168056340780,"binds":[[{"name":"id","sql_type":"integer","null":false,"limit":null,"precision":null,"scale":null,"type":"integer","default":null,"primary":true,"coder":null},1]],"line":5,"filename":"/Users/iandenty/wdi9/project_one/project_one/app/views/games/show.html.erb","method":"_app_views_games_show_html_erb__1466044667706889214_70168090849580"},"time":"2014-10-20T19:08:29+01:00","transaction_id":"8211ba2f9393df48d905","end":"2014-10-20T19:08:29+01:00","duration":0.37},{"name":"sql.active_record","payload":{"sql":"SELECT  \"players\".* FROM \"players\"  WHERE \"players\".\"id\" = $1 LIMIT 1","name":"Player Load","connection_id":70168056340780,"binds":[[{"name":"id","sql_type":"integer","null":false,"limit":null,"precision":null,"scale":null,"type":"integer","default":null,"primary":true,"coder":null},2]],"line":10,"filename":"/Users/iandenty/wdi9/project_one/project_one/app/views/games/show.html.erb","method":"_app_views_games_show_html_erb__1466044667706889214_70168090849580"},"time":"2014-10-20T19:08:29+01:00","transaction_id":"8211ba2f9393df48d905","end":"2014-10-20T19:08:29+01:00","duration":0.414},{"name":"render_template.action_view","payload":{"identifier":"/Users/iandenty/wdi9/project_one/project_one/app/views/games/show.html.erb","layout":"layouts/application"},"time":"2014-10-20T19:08:29+01:00","transaction_id":"b31cc81f70b9008a58a0","end":"2014-10-20T19:08:29+01:00","duration":106.34299999999999},{"name":"process_action.action_controller","payload":{"controller":"GamesController","action":"show","params":{"action":"show","controller":"games","id":"1"},"format":"html","method":"GET","path":"/games/1","status":200,"view_runtime":123.084,"db_runtime":5.882},"time":"2014-10-20T19:08:29+01:00","transaction_id":"b31cc81f70b9008a58a0","end":"2014-10-20T19:08:29+01:00","duration":159.385}]