[{"name":"process_action.action_controller","payload":{"controller":"GamesController","action":"make_move","params":{"1":" ","authenticity_token":"+LmmrI7r/ZiIFi4tVBsd5jRM84jne6wsnxckU9WIMws=","controller":"games","action":"make_move","id":"2"},"format":"html","method":"POST","path":"/games/2","exception":["ActionView::MissingTemplate","Missing template games/make_move, application/make_move with {:locale=>[:en], :formats=>[:html], :handlers=>[:erb, :builder, :coffee]}. Searched in:\n  * \"/Users/MathildaThompson/Downloads/project_one/app/views\"\n"],"status":"500"},"time":"2014-10-20T19:45:50+01:00","transaction_id":"a21ee8eac1d205a5dac7","end":"2014-10-20T19:49:16+01:00","duration":206121.27000000002},{"name":"process_action.action_controller.exception","payload":{"call":"ActionView::MissingTemplate (Missing template games/make_move, application/make_move with {:locale=>[:en], :formats=>[:html], :handlers=>[:erb, :builder, :coffee]}. Searched in:\n  * \"/Users/MathildaThompson/Downloads/project_one/app/views\"\n)"},"time":0,"transaction_id":null,"end":0,"duration":0.0},{"name":"process_action.action_controller.exception","payload":{"call":"actionpack (3.2.19) lib/action_view/path_set.rb:58:in `find'"},"time":0,"transaction_id":null,"end":0,"duration":0.0},{"name":"process_action.action_controller.exception","payload":{"call":"actionpack (3.2.19) lib/action_view/lookup_context.rb:122:in `find'"},"time":0,"transaction_id":null,"end":0,"duration":0.0},{"name":"process_action.action_controller.exception","payload":{"call":"actionpack (3.2.19) lib/action_view/renderer/abstract_renderer.rb:3:in `find_template'"},"time":0,"transaction_id":null,"end":0,"duration":0.0},{"name":"process_action.action_controller.exception","payload":{"call":"actionpack (3.2.19) lib/action_view/renderer/template_renderer.rb:34:in `determine_template'"},"time":0,"transaction_id":null,"end":0,"duration":0.0},{"name":"process_action.action_controller.exception","payload":{"call":"actionpack (3.2.19) lib/action_view/renderer/template_renderer.rb:10:in `render'"},"time":0,"transaction_id":null,"end":0,"duration":0.0},{"name":"process_action.action_controller.exception","payload":{"call":"actionpack (3.2.19) lib/action_view/renderer/renderer.rb:36:in `render_template'"},"time":0,"transaction_id":null,"end":0,"duration":0.0},{"name":"process_action.action_controller.exception","payload":{"call":"actionpack (3.2.19) lib/action_view/renderer/renderer.rb:17:in `render'"},"time":0,"transaction_id":null,"end":0,"duration":0.0},{"name":"process_action.action_controller.exception","payload":{"call":"actionpack (3.2.19) lib/abstract_controller/rendering.rb:110:in `_render_template'"},"time":0,"transaction_id":null,"end":0,"duration":0.0},{"name":"process_action.action_controller.exception","payload":{"call":"actionpack (3.2.19) lib/action_controller/metal/streaming.rb:225:in `_render_template'"},"time":0,"transaction_id":null,"end":0,"duration":0.0},{"name":"process_action.action_controller.exception","payload":{"call":"actionpack (3.2.19) lib/abstract_controller/rendering.rb:103:in `render_to_body'"},"time":0,"transaction_id":null,"end":0,"duration":0.0},{"name":"process_action.action_controller.exception","payload":{"call":"actionpack (3.2.19) lib/action_controller/metal/renderers.rb:28:in `render_to_body'"},"time":0,"transaction_id":null,"end":0,"duration":0.0},{"name":"process_action.action_controller.exception","payload":{"call":"actionpack (3.2.19) lib/action_controller/metal/compatibility.rb:50:in `render_to_body'"},"time":0,"transaction_id":null,"end":0,"duration":0.0},{"name":"process_action.action_controller.exception","payload":{"call":"actionpack (3.2.19) lib/abstract_controller/rendering.rb:88:in `render'"},"time":0,"transaction_id":null,"end":0,"duration":0.0},{"name":"process_action.action_controller.exception","payload":{"call":"actionpack (3.2.19) lib/action_controller/metal/rendering.rb:16:in `render'"},"time":0,"transaction_id":null,"end":0,"duration":0.0},{"name":"process_action.action_controller.exception","payload":{"call":"actionpack (3.2.19) lib/action_controller/metal/instrumentation.rb:40:in `block (2 levels) in render'"},"time":0,"transaction_id":null,"end":0,"duration":0.0},{"name":"process_action.action_controller.exception","payload":{"call":"activesupport (3.2.19) lib/active_support/core_ext/benchmark.rb:5:in `block in ms'"},"time":0,"transaction_id":null,"end":0,"duration":0.0},{"name":"process_action.action_controller.exception","payload":{"call":"/Users/MathildaThompson/.rbenv/versions/2.1.2/lib/ruby/2.1.0/benchmark.rb:294:in `realtime'"},"time":0,"transaction_id":null,"end":0,"duration":0.0},{"name":"process_action.action_controller.exception","payload":{"call":"activesupport (3.2.19) lib/active_support/core_ext/benchmark.rb:5:in `ms'"},"time":0,"transaction_id":null,"end":0,"duration":0.0},{"name":"process_action.action_controller.exception","payload":{"call":"actionpack (3.2.19) lib/action_controller/metal/instrumentation.rb:40:in `block in render'"},"time":0,"transaction_id":null,"end":0,"duration":0.0},{"name":"process_action.action_controller.exception","payload":{"call":"actionpack (3.2.19) lib/action_controller/metal/instrumentation.rb:83:in `cleanup_view_runtime'"},"time":0,"transaction_id":null,"end":0,"duration":0.0},{"name":"process_action.action_controller.exception","payload":{"call":"activerecord (3.2.19) lib/active_record/railties/controller_runtime.rb:24:in `cleanup_view_runtime'"},"time":0,"transaction_id":null,"end":0,"duration":0.0},{"name":"process_action.action_controller.exception","payload":{"call":"actionpack (3.2.19) lib/action_controller/metal/instrumentation.rb:39:in `render'"},"time":0,"transaction_id":null,"end":0,"duration":0.0},{"name":"process_action.action_controller.exception","payload":{"call":"actionpack (3.2.19) lib/action_controller/metal/implicit_render.rb:10:in `default_render'"},"time":0,"transaction_id":null,"end":0,"duration":0.0},{"name":"process_action.action_controller.exception","payload":{"call":"actionpack (3.2.19) lib/action_controller/metal/implicit_render.rb:5:in `send_action'"},"time":0,"transaction_id":null,"end":0,"duration":0.0},{"name":"process_action.action_controller.exception","payload":{"call":"actionpack (3.2.19) lib/abstract_controller/base.rb:167:in `process_action'"},"time":0,"transaction_id":null,"end":0,"duration":0.0},{"name":"process_action.action_controller.exception","payload":{"call":"actionpack (3.2.19) lib/action_controller/metal/rendering.rb:10:in `process_action'"},"time":0,"transaction_id":null,"end":0,"duration":0.0},{"name":"process_action.action_controller.exception","payload":{"call":"actionpack (3.2.19) lib/abstract_controller/callbacks.rb:18:in `block in process_action'"},"time":0,"transaction_id":null,"end":0,"duration":0.0},{"name":"process_action.action_controller.exception","payload":{"call":"activesupport (3.2.19) lib/active_support/callbacks.rb:414:in `_run__2488945455581713321__process_action__1944304245362666989__callbacks'"},"time":0,"transaction_id":null,"end":0,"duration":0.0},{"name":"process_action.action_controller.exception","payload":{"call":"activesupport (3.2.19) lib/active_support/callbacks.rb:405:in `__run_callback'"},"time":0,"transaction_id":null,"end":0,"duration":0.0},{"name":"process_action.action_controller.exception","payload":{"call":"activesupport (3.2.19) lib/active_support/callbacks.rb:385:in `_run_process_action_callbacks'"},"time":0,"transaction_id":null,"end":0,"duration":0.0},{"name":"process_action.action_controller.exception","payload":{"call":"activesupport (3.2.19) lib/active_support/callbacks.rb:81:in `run_callbacks'"},"time":0,"transaction_id":null,"end":0,"duration":0.0},{"name":"process_action.action_controller.exception","payload":{"call":"actionpack (3.2.19) lib/abstract_controller/callbacks.rb:17:in `process_action'"},"time":0,"transaction_id":null,"end":0,"duration":0.0},{"name":"process_action.action_controller.exception","payload":{"call":"actionpack (3.2.19) lib/action_controller/metal/rescue.rb:29:in `process_action'"},"time":0,"transaction_id":null,"end":0,"duration":0.0},{"name":"process_action.action_controller.exception","payload":{"call":"actionpack (3.2.19) lib/action_controller/metal/instrumentation.rb:30:in `block in process_action'"},"time":0,"transaction_id":null,"end":0,"duration":0.0},{"name":"process_action.action_controller.exception","payload":{"call":"activesupport (3.2.19) lib/active_support/notifications.rb:123:in `block in instrument'"},"time":0,"transaction_id":null,"end":0,"duration":0.0},{"name":"process_action.action_controller.exception","payload":{"call":"activesupport (3.2.19) lib/active_support/notifications/instrumenter.rb:20:in `instrument'"},"time":0,"transaction_id":null,"end":0,"duration":0.0},{"name":"process_action.action_controller.exception","payload":{"call":"activesupport (3.2.19) lib/active_support/notifications.rb:123:in `instrument'"},"time":0,"transaction_id":null,"end":0,"duration":0.0},{"name":"process_action.action_controller.exception","payload":{"call":"actionpack (3.2.19) lib/action_controller/metal/instrumentation.rb:29:in `process_action'"},"time":0,"transaction_id":null,"end":0,"duration":0.0},{"name":"process_action.action_controller.exception","payload":{"call":"actionpack (3.2.19) lib/action_controller/metal/params_wrapper.rb:207:in `process_action'"},"time":0,"transaction_id":null,"end":0,"duration":0.0},{"name":"process_action.action_controller.exception","payload":{"call":"activerecord (3.2.19) lib/active_record/railties/controller_runtime.rb:18:in `process_action'"},"time":0,"transaction_id":null,"end":0,"duration":0.0},{"name":"process_action.action_controller.exception","payload":{"call":"actionpack (3.2.19) lib/abstract_controller/base.rb:121:in `process'"},"time":0,"transaction_id":null,"end":0,"duration":0.0},{"name":"process_action.action_controller.exception","payload":{"call":"actionpack (3.2.19) lib/abstract_controller/rendering.rb:45:in `process'"},"time":0,"transaction_id":null,"end":0,"duration":0.0},{"name":"process_action.action_controller.exception","payload":{"call":"actionpack (3.2.19) lib/action_controller/metal.rb:203:in `dispatch'"},"time":0,"transaction_id":null,"end":0,"duration":0.0},{"name":"process_action.action_controller.exception","payload":{"call":"actionpack (3.2.19) lib/action_controller/metal/rack_delegation.rb:14:in `dispatch'"},"time":0,"transaction_id":null,"end":0,"duration":0.0},{"name":"process_action.action_controller.exception","payload":{"call":"actionpack (3.2.19) lib/action_controller/metal.rb:246:in `block in action'"},"time":0,"transaction_id":null,"end":0,"duration":0.0},{"name":"process_action.action_controller.exception","payload":{"call":"actionpack (3.2.19) lib/action_dispatch/routing/route_set.rb:73:in `call'"},"time":0,"transaction_id":null,"end":0,"duration":0.0},{"name":"process_action.action_controller.exception","payload":{"call":"actionpack (3.2.19) lib/action_dispatch/routing/route_set.rb:73:in `dispatch'"},"time":0,"transaction_id":null,"end":0,"duration":0.0},{"name":"process_action.action_controller.exception","payload":{"call":"actionpack (3.2.19) lib/action_dispatch/routing/route_set.rb:36:in `call'"},"time":0,"transaction_id":null,"end":0,"duration":0.0},{"name":"process_action.action_controller.exception","payload":{"call":"journey (1.0.4) lib/journey/router.rb:68:in `block in call'"},"time":0,"transaction_id":null,"end":0,"duration":0.0},{"name":"process_action.action_controller.exception","payload":{"call":"journey (1.0.4) lib/journey/router.rb:56:in `each'"},"time":0,"transaction_id":null,"end":0,"duration":0.0},{"name":"process_action.action_controller.exception","payload":{"call":"journey (1.0.4) lib/journey/router.rb:56:in `call'"},"time":0,"transaction_id":null,"end":0,"duration":0.0},{"name":"process_action.action_controller.exception","payload":{"call":"actionpack (3.2.19) lib/action_dispatch/routing/route_set.rb:608:in `call'"},"time":0,"transaction_id":null,"end":0,"duration":0.0},{"name":"process_action.action_controller.exception","payload":{"call":"meta_request (0.3.4) lib/meta_request/middlewares/app_request_handler.rb:13:in `call'"},"time":0,"transaction_id":null,"end":0,"duration":0.0},{"name":"process_action.action_controller.exception","payload":{"call":"meta_request (0.3.4) lib/meta_request/middlewares/meta_request_handler.rb:13:in `call'"},"time":0,"transaction_id":null,"end":0,"duration":0.0},{"name":"process_action.action_controller.exception","payload":{"call":"actionpack (3.2.19) lib/action_dispatch/middleware/best_standards_support.rb:17:in `call'"},"time":0,"transaction_id":null,"end":0,"duration":0.0},{"name":"process_action.action_controller.exception","payload":{"call":"rack (1.4.5) lib/rack/etag.rb:23:in `call'"},"time":0,"transaction_id":null,"end":0,"duration":0.0},{"name":"process_action.action_controller.exception","payload":{"call":"rack (1.4.5) lib/rack/conditionalget.rb:35:in `call'"},"time":0,"transaction_id":null,"end":0,"duration":0.0},{"name":"process_action.action_controller.exception","payload":{"call":"actionpack (3.2.19) lib/action_dispatch/middleware/head.rb:14:in `call'"},"time":0,"transaction_id":null,"end":0,"duration":0.0},{"name":"process_action.action_controller.exception","payload":{"call":"actionpack (3.2.19) lib/action_dispatch/middleware/params_parser.rb:21:in `call'"},"time":0,"transaction_id":null,"end":0,"duration":0.0},{"name":"process_action.action_controller.exception","payload":{"call":"actionpack (3.2.19) lib/action_dispatch/middleware/flash.rb:242:in `call'"},"time":0,"transaction_id":null,"end":0,"duration":0.0},{"name":"process_action.action_controller.exception","payload":{"call":"rack (1.4.5) lib/rack/session/abstract/id.rb:210:in `context'"},"time":0,"transaction_id":null,"end":0,"duration":0.0},{"name":"process_action.action_controller.exception","payload":{"call":"rack (1.4.5) lib/rack/session/abstract/id.rb:205:in `call'"},"time":0,"transaction_id":null,"end":0,"duration":0.0},{"name":"process_action.action_controller.exception","payload":{"call":"actionpack (3.2.19) lib/action_dispatch/middleware/cookies.rb:341:in `call'"},"time":0,"transaction_id":null,"end":0,"duration":0.0},{"name":"process_action.action_controller.exception","payload":{"call":"activerecord (3.2.19) lib/active_record/query_cache.rb:64:in `call'"},"time":0,"transaction_id":null,"end":0,"duration":0.0},{"name":"process_action.action_controller.exception","payload":{"call":"activerecord (3.2.19) lib/active_record/connection_adapters/abstract/connection_pool.rb:479:in `call'"},"time":0,"transaction_id":null,"end":0,"duration":0.0},{"name":"process_action.action_controller.exception","payload":{"call":"actionpack (3.2.19) lib/action_dispatch/middleware/callbacks.rb:28:in `block in call'"},"time":0,"transaction_id":null,"end":0,"duration":0.0},{"name":"process_action.action_controller.exception","payload":{"call":"activesupport (3.2.19) lib/active_support/callbacks.rb:405:in `_run__1194026955670119921__call__3970819106594738981__callbacks'"},"time":0,"transaction_id":null,"end":0,"duration":0.0},{"name":"process_action.action_controller.exception","payload":{"call":"activesupport (3.2.19) lib/active_support/callbacks.rb:405:in `__run_callback'"},"time":0,"transaction_id":null,"end":0,"duration":0.0},{"name":"process_action.action_controller.exception","payload":{"call":"activesupport (3.2.19) lib/active_support/callbacks.rb:385:in `_run_call_callbacks'"},"time":0,"transaction_id":null,"end":0,"duration":0.0},{"name":"process_action.action_controller.exception","payload":{"call":"activesupport (3.2.19) lib/active_support/callbacks.rb:81:in `run_callbacks'"},"time":0,"transaction_id":null,"end":0,"duration":0.0},{"name":"process_action.action_controller.exception","payload":{"call":"actionpack (3.2.19) lib/action_dispatch/middleware/callbacks.rb:27:in `call'"},"time":0,"transaction_id":null,"end":0,"duration":0.0},{"name":"process_action.action_controller.exception","payload":{"call":"actionpack (3.2.19) lib/action_dispatch/middleware/reloader.rb:65:in `call'"},"time":0,"transaction_id":null,"end":0,"duration":0.0},{"name":"process_action.action_controller.exception","payload":{"call":"actionpack (3.2.19) lib/action_dispatch/middleware/remote_ip.rb:31:in `call'"},"time":0,"transaction_id":null,"end":0,"duration":0.0},{"name":"process_action.action_controller.exception","payload":{"call":"better_errors (2.0.0) lib/better_errors/middleware.rb:84:in `protected_app_call'"},"time":0,"transaction_id":null,"end":0,"duration":0.0},{"name":"process_action.action_controller.exception","payload":{"call":"better_errors (2.0.0) lib/better_errors/middleware.rb:79:in `better_errors_call'"},"time":0,"transaction_id":null,"end":0,"duration":0.0},{"name":"process_action.action_controller.exception","payload":{"call":"better_errors (2.0.0) lib/better_errors/middleware.rb:57:in `call'"},"time":0,"transaction_id":null,"end":0,"duration":0.0},{"name":"process_action.action_controller.exception","payload":{"call":"rack-contrib (1.1.0) lib/rack/contrib/response_headers.rb:17:in `call'"},"time":0,"transaction_id":null,"end":0,"duration":0.0},{"name":"process_action.action_controller.exception","payload":{"call":"meta_request (0.3.4) lib/meta_request/middlewares/headers.rb:16:in `call'"},"time":0,"transaction_id":null,"end":0,"duration":0.0},{"name":"process_action.action_controller.exception","payload":{"call":"actionpack (3.2.19) lib/action_dispatch/middleware/debug_exceptions.rb:16:in `call'"},"time":0,"transaction_id":null,"end":0,"duration":0.0},{"name":"process_action.action_controller.exception","payload":{"call":"actionpack (3.2.19) lib/action_dispatch/middleware/show_exceptions.rb:56:in `call'"},"time":0,"transaction_id":null,"end":0,"duration":0.0},{"name":"process_action.action_controller.exception","payload":{"call":"railties (3.2.19) lib/rails/rack/logger.rb:32:in `call_app'"},"time":0,"transaction_id":null,"end":0,"duration":0.0},{"name":"process_action.action_controller.exception","payload":{"call":"railties (3.2.19) lib/rails/rack/logger.rb:16:in `block in call'"},"time":0,"transaction_id":null,"end":0,"duration":0.0},{"name":"process_action.action_controller.exception","payload":{"call":"activesupport (3.2.19) lib/active_support/tagged_logging.rb:22:in `tagged'"},"time":0,"transaction_id":null,"end":0,"duration":0.0},{"name":"process_action.action_controller.exception","payload":{"call":"railties (3.2.19) lib/rails/rack/logger.rb:16:in `call'"},"time":0,"transaction_id":null,"end":0,"duration":0.0},{"name":"process_action.action_controller.exception","payload":{"call":"actionpack (3.2.19) lib/action_dispatch/middleware/request_id.rb:22:in `call'"},"time":0,"transaction_id":null,"end":0,"duration":0.0},{"name":"process_action.action_controller.exception","payload":{"call":"rack (1.4.5) lib/rack/methodoverride.rb:21:in `call'"},"time":0,"transaction_id":null,"end":0,"duration":0.0},{"name":"process_action.action_controller.exception","payload":{"call":"rack (1.4.5) lib/rack/runtime.rb:17:in `call'"},"time":0,"transaction_id":null,"end":0,"duration":0.0},{"name":"process_action.action_controller.exception","payload":{"call":"activesupport (3.2.19) lib/active_support/cache/strategy/local_cache.rb:72:in `call'"},"time":0,"transaction_id":null,"end":0,"duration":0.0},{"name":"process_action.action_controller.exception","payload":{"call":"rack (1.4.5) lib/rack/lock.rb:15:in `call'"},"time":0,"transaction_id":null,"end":0,"duration":0.0},{"name":"process_action.action_controller.exception","payload":{"call":"actionpack (3.2.19) lib/action_dispatch/middleware/static.rb:63:in `call'"},"time":0,"transaction_id":null,"end":0,"duration":0.0},{"name":"process_action.action_controller.exception","payload":{"call":"railties (3.2.19) lib/rails/engine.rb:484:in `call'"},"time":0,"transaction_id":null,"end":0,"duration":0.0},{"name":"process_action.action_controller.exception","payload":{"call":"railties (3.2.19) lib/rails/application.rb:231:in `call'"},"time":0,"transaction_id":null,"end":0,"duration":0.0},{"name":"process_action.action_controller.exception","payload":{"call":"rack (1.4.5) lib/rack/content_length.rb:14:in `call'"},"time":0,"transaction_id":null,"end":0,"duration":0.0},{"name":"process_action.action_controller.exception","payload":{"call":"railties (3.2.19) lib/rails/rack/log_tailer.rb:17:in `call'"},"time":0,"transaction_id":null,"end":0,"duration":0.0},{"name":"process_action.action_controller.exception","payload":{"call":"rack (1.4.5) lib/rack/handler/webrick.rb:59:in `service'"},"time":0,"transaction_id":null,"end":0,"duration":0.0},{"name":"process_action.action_controller.exception","payload":{"call":"/Users/MathildaThompson/.rbenv/versions/2.1.2/lib/ruby/2.1.0/webrick/httpserver.rb:138:in `service'"},"time":0,"transaction_id":null,"end":0,"duration":0.0},{"name":"process_action.action_controller.exception","payload":{"call":"/Users/MathildaThompson/.rbenv/versions/2.1.2/lib/ruby/2.1.0/webrick/httpserver.rb:94:in `run'"},"time":0,"transaction_id":null,"end":0,"duration":0.0},{"name":"process_action.action_controller.exception","payload":{"call":"/Users/MathildaThompson/.rbenv/versions/2.1.2/lib/ruby/2.1.0/webrick/server.rb:295:in `block in start_thread'"},"time":0,"transaction_id":null,"end":0,"duration":0.0}]