[{"name":"sql.active_record","payload":{"sql":"SELECT  \"games\".* FROM \"games\"  WHERE \"games\".\"id\" = $1 LIMIT 1","name":"Game Load","connection_id":70276960022400,"binds":[[{"name":"id","sql_type":"integer","null":false,"limit":null,"precision":null,"scale":null,"type":"integer","default":null,"primary":true,"coder":null},"2"]],"line":27,"filename":"/Users/MathildaThompson/Downloads/project_one/app/controllers/games_controller.rb","method":"show"},"time":"2014-10-20T19:49:56+01:00","transaction_id":"eb9e4a62a3a4c4ef7095","end":"2014-10-20T19:49:56+01:00","duration":0.303},{"name":"sql.active_record","payload":{"sql":"SELECT  \"players\".* FROM \"players\"  WHERE \"players\".\"id\" = $1 LIMIT 1","name":"Player Load","connection_id":70276960022400,"binds":[[{"name":"id","sql_type":"integer","null":false,"limit":null,"precision":null,"scale":null,"type":"integer","default":null,"primary":true,"coder":null},1]],"line":5,"filename":"/Users/MathildaThompson/Downloads/project_one/app/views/games/show.html.erb","method":"_app_views_games_show_html_erb__754544281861523413_70277000674060"},"time":"2014-10-20T19:49:56+01:00","transaction_id":"eb9e4a62a3a4c4ef7095","end":"2014-10-20T19:49:56+01:00","duration":0.301},{"name":"sql.active_record","payload":{"sql":"SELECT  \"players\".* FROM \"players\"  WHERE \"players\".\"id\" = $1 LIMIT 1","name":"Player Load","connection_id":70276960022400,"binds":[[{"name":"id","sql_type":"integer","null":false,"limit":null,"precision":null,"scale":null,"type":"integer","default":null,"primary":true,"coder":null},2]],"line":10,"filename":"/Users/MathildaThompson/Downloads/project_one/app/views/games/show.html.erb","method":"_app_views_games_show_html_erb__754544281861523413_70277000674060"},"time":"2014-10-20T19:49:56+01:00","transaction_id":"eb9e4a62a3a4c4ef7095","end":"2014-10-20T19:49:56+01:00","duration":0.24899999999999997},{"name":"render_template.action_view","payload":{"identifier":"/Users/MathildaThompson/Downloads/project_one/app/views/games/show.html.erb","layout":"layouts/application"},"time":"2014-10-20T19:49:56+01:00","transaction_id":"6899e2fb7f4f753ebcf5","end":"2014-10-20T19:49:56+01:00","duration":7.353},{"name":"process_action.action_controller","payload":{"controller":"GamesController","action":"show","params":{"action":"show","controller":"games","id":"2"},"format":"html","method":"GET","path":"/games/2","status":200,"view_runtime":10.106,"db_runtime":0.853},"time":"2014-10-20T19:49:56+01:00","transaction_id":"6899e2fb7f4f753ebcf5","end":"2014-10-20T19:49:56+01:00","duration":13.104}]