[{"name":"sql.active_record","payload":{"sql":"            SELECT a.attname, format_type(a.atttypid, a.atttypmod),\n                     pg_get_expr(d.adbin, d.adrelid), a.attnotnull, a.atttypid, a.atttypmod\n              FROM pg_attribute a LEFT JOIN pg_attrdef d\n                ON a.attrelid = d.adrelid AND a.attnum = d.adnum\n             WHERE a.attrelid = '\"games\"'::regclass\n               AND a.attnum > 0 AND NOT a.attisdropped\n             ORDER BY a.attnum\n","name":"SCHEMA","connection_id":70276960022400,"binds":[],"line":27,"filename":"/Users/MathildaThompson/Downloads/project_one/app/controllers/games_controller.rb","method":"show"},"time":"2014-10-20T19:49:47+01:00","transaction_id":"eb9e4a62a3a4c4ef7095","end":"2014-10-20T19:49:47+01:00","duration":3.93},{"name":"sql.active_record","payload":{"sql":"            SELECT COUNT(*)\n            FROM pg_class c\n            LEFT JOIN pg_namespace n ON n.oid = c.relnamespace\n            WHERE c.relkind in ('v','r')\n            AND c.relname = 'games'\n            AND n.nspname = ANY (current_schemas(false))\n","name":"SCHEMA","connection_id":70276960022400,"binds":[],"line":27,"filename":"/Users/MathildaThompson/Downloads/project_one/app/controllers/games_controller.rb","method":"show"},"time":"2014-10-20T19:49:47+01:00","transaction_id":"eb9e4a62a3a4c4ef7095","end":"2014-10-20T19:49:47+01:00","duration":1.1139999999999999},{"name":"sql.active_record","payload":{"sql":"          SELECT attr.attname\n          FROM pg_attribute attr\n          INNER JOIN pg_constraint cons ON attr.attrelid = cons.conrelid AND attr.attnum = cons.conkey[1]\n          WHERE cons.contype = 'p'\n            AND cons.conrelid = '\"games\"'::regclass\n","name":"SCHEMA","connection_id":70276960022400,"binds":[],"line":27,"filename":"/Users/MathildaThompson/Downloads/project_one/app/controllers/games_controller.rb","method":"show"},"time":"2014-10-20T19:49:47+01:00","transaction_id":"eb9e4a62a3a4c4ef7095","end":"2014-10-20T19:49:47+01:00","duration":0.782},{"name":"sql.active_record","payload":{"sql":"SHOW search_path","name":"SCHEMA","connection_id":70276960022400,"binds":[],"line":27,"filename":"/Users/MathildaThompson/Downloads/project_one/app/controllers/games_controller.rb","method":"show"},"time":"2014-10-20T19:49:47+01:00","transaction_id":"eb9e4a62a3a4c4ef7095","end":"2014-10-20T19:49:47+01:00","duration":0.13699999999999998},{"name":"sql.active_record","payload":{"sql":"SELECT  \"games\".* FROM \"games\"  WHERE \"games\".\"id\" = $1 LIMIT 1","name":"Game Load","connection_id":70276960022400,"binds":[[{"name":"id","sql_type":"integer","null":false,"limit":null,"precision":null,"scale":null,"type":"integer","default":null,"primary":true,"coder":null},"2"]],"line":27,"filename":"/Users/MathildaThompson/Downloads/project_one/app/controllers/games_controller.rb","method":"show"},"time":"2014-10-20T19:49:47+01:00","transaction_id":"eb9e4a62a3a4c4ef7095","end":"2014-10-20T19:49:47+01:00","duration":2.477},{"name":"sql.active_record","payload":{"sql":"            SELECT a.attname, format_type(a.atttypid, a.atttypmod),\n                     pg_get_expr(d.adbin, d.adrelid), a.attnotnull, a.atttypid, a.atttypmod\n              FROM pg_attribute a LEFT JOIN pg_attrdef d\n                ON a.attrelid = d.adrelid AND a.attnum = d.adnum\n             WHERE a.attrelid = '\"players\"'::regclass\n               AND a.attnum > 0 AND NOT a.attisdropped\n             ORDER BY a.attnum\n","name":"SCHEMA","connection_id":70276960022400,"binds":[],"line":5,"filename":"/Users/MathildaThompson/Downloads/project_one/app/views/games/show.html.erb","method":"_app_views_games_show_html_erb__754544281861523413_70276980054680"},"time":"2014-10-20T19:49:47+01:00","transaction_id":"eb9e4a62a3a4c4ef7095","end":"2014-10-20T19:49:47+01:00","duration":1.035},{"name":"sql.active_record","payload":{"sql":"            SELECT COUNT(*)\n            FROM pg_class c\n            LEFT JOIN pg_namespace n ON n.oid = c.relnamespace\n            WHERE c.relkind in ('v','r')\n            AND c.relname = 'players'\n            AND n.nspname = ANY (current_schemas(false))\n","name":"SCHEMA","connection_id":70276960022400,"binds":[],"line":5,"filename":"/Users/MathildaThompson/Downloads/project_one/app/views/games/show.html.erb","method":"_app_views_games_show_html_erb__754544281861523413_70276980054680"},"time":"2014-10-20T19:49:47+01:00","transaction_id":"eb9e4a62a3a4c4ef7095","end":"2014-10-20T19:49:47+01:00","duration":1.021},{"name":"sql.active_record","payload":{"sql":"          SELECT attr.attname\n          FROM pg_attribute attr\n          INNER JOIN pg_constraint cons ON attr.attrelid = cons.conrelid AND attr.attnum = cons.conkey[1]\n          WHERE cons.contype = 'p'\n            AND cons.conrelid = '\"players\"'::regclass\n","name":"SCHEMA","connection_id":70276960022400,"binds":[],"line":5,"filename":"/Users/MathildaThompson/Downloads/project_one/app/views/games/show.html.erb","method":"_app_views_games_show_html_erb__754544281861523413_70276980054680"},"time":"2014-10-20T19:49:47+01:00","transaction_id":"eb9e4a62a3a4c4ef7095","end":"2014-10-20T19:49:47+01:00","duration":0.975},{"name":"sql.active_record","payload":{"sql":"SELECT  \"players\".* FROM \"players\"  WHERE \"players\".\"id\" = $1 LIMIT 1","name":"Player Load","connection_id":70276960022400,"binds":[[{"name":"id","sql_type":"integer","null":false,"limit":null,"precision":null,"scale":null,"type":"integer","default":null,"primary":true,"coder":null},1]],"line":5,"filename":"/Users/MathildaThompson/Downloads/project_one/app/views/games/show.html.erb","method":"_app_views_games_show_html_erb__754544281861523413_70276980054680"},"time":"2014-10-20T19:49:47+01:00","transaction_id":"eb9e4a62a3a4c4ef7095","end":"2014-10-20T19:49:47+01:00","duration":2.868},{"name":"sql.active_record","payload":{"sql":"SELECT  \"players\".* FROM \"players\"  WHERE \"players\".\"id\" = $1 LIMIT 1","name":"Player Load","connection_id":70276960022400,"binds":[[{"name":"id","sql_type":"integer","null":false,"limit":null,"precision":null,"scale":null,"type":"integer","default":null,"primary":true,"coder":null},2]],"line":10,"filename":"/Users/MathildaThompson/Downloads/project_one/app/views/games/show.html.erb","method":"_app_views_games_show_html_erb__754544281861523413_70276980054680"},"time":"2014-10-20T19:49:47+01:00","transaction_id":"eb9e4a62a3a4c4ef7095","end":"2014-10-20T19:49:47+01:00","duration":0.318},{"name":"render_template.action_view","payload":{"identifier":"/Users/MathildaThompson/Downloads/project_one/app/views/games/show.html.erb","layout":"layouts/application"},"time":"2014-10-20T19:49:47+01:00","transaction_id":"eb9e4a62a3a4c4ef7095","end":"2014-10-20T19:49:47+01:00","duration":34.601},{"name":"process_action.action_controller","payload":{"controller":"GamesController","action":"show","params":{"action":"show","controller":"games","id":"2"},"format":"html","method":"GET","path":"/games/2","status":200,"view_runtime":44.746,"db_runtime":14.657},"time":"2014-10-20T19:49:47+01:00","transaction_id":"eb9e4a62a3a4c4ef7095","end":"2014-10-20T19:49:47+01:00","duration":82.36}]