[{"name":"sql.active_record","payload":{"sql":"SELECT  \"games\".* FROM \"games\"  WHERE \"games\".\"id\" = $1 LIMIT 1","name":"Game Load","connection_id":70276960022400,"binds":[[{"name":"id","sql_type":"integer","null":false,"limit":null,"precision":null,"scale":null,"type":"integer","default":null,"primary":true,"coder":null},"2"]],"line":27,"filename":"/Users/MathildaThompson/Downloads/project_one/app/controllers/games_controller.rb","method":"show"},"time":"2014-10-20T19:51:52+01:00","transaction_id":"eb9e4a62a3a4c4ef7095","end":"2014-10-20T19:51:52+01:00","duration":0.348},{"name":"sql.active_record","payload":{"sql":"SELECT  \"players\".* FROM \"players\"  WHERE \"players\".\"id\" = $1 LIMIT 1","name":"Player Load","connection_id":70276960022400,"binds":[[{"name":"id","sql_type":"integer","null":false,"limit":null,"precision":null,"scale":null,"type":"integer","default":null,"primary":true,"coder":null},1]],"line":5,"filename":"/Users/MathildaThompson/Downloads/project_one/app/views/games/show.html.erb","method":"_app_views_games_show_html_erb__754544281861523413_70277001346800"},"time":"2014-10-20T19:51:52+01:00","transaction_id":"eb9e4a62a3a4c4ef7095","end":"2014-10-20T19:51:52+01:00","duration":0.232},{"name":"sql.active_record","payload":{"sql":"SELECT  \"players\".* FROM \"players\"  WHERE \"players\".\"id\" = $1 LIMIT 1","name":"Player Load","connection_id":70276960022400,"binds":[[{"name":"id","sql_type":"integer","null":false,"limit":null,"precision":null,"scale":null,"type":"integer","default":null,"primary":true,"coder":null},2]],"line":10,"filename":"/Users/MathildaThompson/Downloads/project_one/app/views/games/show.html.erb","method":"_app_views_games_show_html_erb__754544281861523413_70277001346800"},"time":"2014-10-20T19:51:52+01:00","transaction_id":"eb9e4a62a3a4c4ef7095","end":"2014-10-20T19:51:52+01:00","duration":0.176},{"name":"render_template.action_view","payload":{"identifier":"/Users/MathildaThompson/Downloads/project_one/app/views/games/show.html.erb","layout":"layouts/application"},"time":"2014-10-20T19:51:52+01:00","transaction_id":"a310225b12c863345317","end":"2014-10-20T19:51:52+01:00","duration":6.5440000000000005},{"name":"process_action.action_controller","payload":{"controller":"GamesController","action":"show","params":{"action":"show","controller":"games","id":"2"},"format":"html","method":"GET","path":"/games/2","status":200,"view_runtime":9.852,"db_runtime":0.756},"time":"2014-10-20T19:51:52+01:00","transaction_id":"a310225b12c863345317","end":"2014-10-20T19:51:52+01:00","duration":12.907}]