[{"name":"sql.active_record","payload":{"sql":"SELECT  \"games\".* FROM \"games\"  WHERE \"games\".\"id\" = $1 LIMIT 1","name":"Game Load","connection_id":70297453015820,"binds":[[{"name":"id","sql_type":"integer","null":false,"limit":null,"precision":null,"scale":null,"type":"integer","default":null,"primary":true,"coder":null},"2"]],"line":27,"filename":"/Users/MathildaThompson/Downloads/project_one/app/controllers/games_controller.rb","method":"show"},"time":"2014-10-20T19:45:44+01:00","transaction_id":"44f65253f75672efe3b2","end":"2014-10-20T19:45:44+01:00","duration":0.34299999999999997},{"name":"sql.active_record","payload":{"sql":"SELECT  \"players\".* FROM \"players\"  WHERE \"players\".\"id\" = $1 LIMIT 1","name":"Player Load","connection_id":70297453015820,"binds":[[{"name":"id","sql_type":"integer","null":false,"limit":null,"precision":null,"scale":null,"type":"integer","default":null,"primary":true,"coder":null},1]],"line":5,"filename":"/Users/MathildaThompson/Downloads/project_one/app/views/games/show.html.erb","method":"_app_views_games_show_html_erb___4483829608272354154_70297458082280"},"time":"2014-10-20T19:45:44+01:00","transaction_id":"44f65253f75672efe3b2","end":"2014-10-20T19:45:44+01:00","duration":0.297},{"name":"sql.active_record","payload":{"sql":"SELECT  \"players\".* FROM \"players\"  WHERE \"players\".\"id\" = $1 LIMIT 1","name":"Player Load","connection_id":70297453015820,"binds":[[{"name":"id","sql_type":"integer","null":false,"limit":null,"precision":null,"scale":null,"type":"integer","default":null,"primary":true,"coder":null},2]],"line":10,"filename":"/Users/MathildaThompson/Downloads/project_one/app/views/games/show.html.erb","method":"_app_views_games_show_html_erb___4483829608272354154_70297458082280"},"time":"2014-10-20T19:45:44+01:00","transaction_id":"44f65253f75672efe3b2","end":"2014-10-20T19:45:44+01:00","duration":0.28200000000000003},{"name":"render_template.action_view","payload":{"identifier":"/Users/MathildaThompson/Downloads/project_one/app/views/games/show.html.erb","layout":"layouts/application"},"time":"2014-10-20T19:45:44+01:00","transaction_id":"2c3c1b46b5a223d82bf2","end":"2014-10-20T19:45:44+01:00","duration":7.567},{"name":"process_action.action_controller","payload":{"controller":"GamesController","action":"show","params":{"action":"show","controller":"games","id":"2"},"format":"html","method":"GET","path":"/games/2","status":200,"view_runtime":10.007,"db_runtime":0.9219999999999999},"time":"2014-10-20T19:45:44+01:00","transaction_id":"2c3c1b46b5a223d82bf2","end":"2014-10-20T19:45:44+01:00","duration":12.931}]